Timestamp,Feature,Pipeline,Model,Accuracy,F1_Macro,AUC_OVR,mAP,Train_Time,Model_File
20260129_215029,Fusion_FFTs_MFCCs_STFT,Scaled,KNN,0.845,0.8451514801690474,0.9573166666666668,0.8959860514445395,0.0049097537994384,fusion_ffts_mfccs_stft_scaled_knn_20260129_215029.joblib
20260129_212631,STFT,Raw,KNN,0.845,0.8453956088631012,0.9379666666666666,0.8314637737060291,0.0050368309020996,stft_raw_knn_20260129_212631.joblib
20260129_212631,STFT,Scaled,KNN,0.845,0.845555048942654,0.9454833333333332,0.8424797119663594,0.0022079944610595,stft_scaled_knn_20260129_212631.joblib
20260129_215234,Fusion_FFTs_MFCC_STFT,Scaled,KNN,0.835,0.8349264246403169,0.95265,0.8865571683443978,0.0050256252288818,fusion_ffts_mfcc_stft_scaled_knn_20260129_215234.joblib
20260129_215234,Fusion_FFTs_MFCC_STFT,Scaled,SVM,0.83,0.8284860414778568,0.9692666666666664,0.924301154266946,59.36902046203613,fusion_ffts_mfcc_stft_scaled_svm_20260129_215234.joblib
20260129_215029,Fusion_FFTs_MFCCs_STFT,Scaled,SVM,0.82,0.8187524328866201,0.9700333333333334,0.9262142960587916,44.13159823417664,fusion_ffts_mfccs_stft_scaled_svm_20260129_215029.joblib
20260129_212200,FFTs,Raw,SVM,0.815,0.8124745043648527,0.9607,0.9139674256910124,15.974801540374756,ffts_raw_svm_20260129_212200.joblib
20260129_213401,STFTs,Raw,SVM,0.805,0.8046538615446178,0.9500666666666666,0.8743971926769238,17.955243349075317,stfts_raw_svm_20260129_213401.joblib
20260129_213827,Fusion_FFTs_STFTs,Raw,SVM,0.8,0.7975525710897586,0.9551,0.9020606544916362,67.63246321678162,fusion_ffts_stfts_raw_svm_20260129_213827.joblib
20260129_215029,Fusion_FFTs_MFCCs_STFT,Raw,KNN,0.795,0.7958372047596897,0.9490833333333332,0.8886143654483749,0.0057175159454345,fusion_ffts_mfccs_stft_raw_knn_20260129_215029.joblib
20260129_215029,Fusion_FFTs_MFCCs_STFT,Raw,SVM,0.785,0.7845110108996732,0.9459666666666666,0.8662264953662309,37.12123322486877,fusion_ffts_mfccs_stft_raw_svm_20260129_215029.joblib
20260129_215029,Fusion_FFTs_MFCCs_STFT,Raw,RF,0.78,0.7789788090297429,0.9445333333333332,0.8613925221399609,7.165728092193604,fusion_ffts_mfccs_stft_raw_rf_20260129_215029.joblib
20260129_215029,Fusion_FFTs_MFCCs_STFT,Scaled,RF,0.78,0.7789788090297429,0.9443833333333334,0.8610770201970344,6.389265537261963,fusion_ffts_mfccs_stft_scaled_rf_20260129_215029.joblib
20260129_212948,Fusion_FFT_STFT,Raw,SVM,0.775,0.7744522543059777,0.9327666666666666,0.829586585190867,40.96022415161133,fusion_fft_stft_raw_svm_20260129_212948.joblib
20260129_213827,Fusion_FFTs_STFTs,Raw,KNN,0.77,0.7691172014660479,0.93295,0.8232709139964907,0.0063016414642333,fusion_ffts_stfts_raw_knn_20260129_213827.joblib
20260129_215029,Fusion_FFTs_MFCCs_STFT,Scaled,ET,0.77,0.7669853472632893,0.9451833333333336,0.8623462268646371,1.9081737995147705,fusion_ffts_mfccs_stft_scaled_et_20260129_215029.joblib
20260129_215234,Fusion_FFTs_MFCC_STFT,Raw,RF,0.77,0.7674151173047637,0.94655,0.8663825353582307,6.243795156478882,fusion_ffts_mfcc_stft_raw_rf_20260129_215234.joblib
20260129_212200,FFTs,Raw,KNN,0.77,0.7691172014660479,0.93295,0.8232709139964907,0.0068230628967285,ffts_raw_knn_20260129_212200.joblib
20260129_215234,Fusion_FFTs_MFCC_STFT,Scaled,RF,0.77,0.7674151173047637,0.9466,0.8674029613441199,6.170242786407471,fusion_ffts_mfcc_stft_scaled_rf_20260129_215234.joblib
20260129_213827,Fusion_FFTs_STFTs,Raw,RF,0.765,0.7614567249474906,0.9366666666666668,0.8499134790186027,2.049440383911133,fusion_ffts_stfts_raw_rf_20260129_213827.joblib
20260129_213827,Fusion_FFTs_STFTs,Scaled,KNN,0.765,0.7649867820858387,0.9339333333333332,0.8303059930065286,0.0042290687561035,fusion_ffts_stfts_scaled_knn_20260129_213827.joblib
20260129_213827,Fusion_FFTs_STFTs,Scaled,RF,0.765,0.7614567249474906,0.9365166666666668,0.8500359766962107,1.611616134643555,fusion_ffts_stfts_scaled_rf_20260129_213827.joblib
20260129_212200,FFTs,Scaled,KNN,0.765,0.7649867820858387,0.9339333333333332,0.8303059930065286,0.0023486614227294,ffts_scaled_knn_20260129_212200.joblib
20260129_215029,Fusion_FFTs_MFCCs_STFT,Raw,ET,0.765,0.7624733463701348,0.9449,0.8617581930056384,2.879316568374634,fusion_ffts_mfccs_stft_raw_et_20260129_215029.joblib
20260129_215234,Fusion_FFTs_MFCC_STFT,Scaled,ET,0.75,0.7508877658816767,0.9492333333333334,0.8713826252995729,2.490450620651245,fusion_ffts_mfcc_stft_scaled_et_20260129_215234.joblib
20260129_215234,Fusion_FFTs_MFCC_STFT,Raw,ET,0.75,0.7508877658816767,0.9493333333333334,0.8713207315581447,1.911447525024414,fusion_ffts_mfcc_stft_raw_et_20260129_215234.joblib
20260129_212200,FFTs,Raw,RF,0.75,0.7496342737722048,0.9382666666666668,0.8389309636456194,1.114145278930664,ffts_raw_rf_20260129_212200.joblib
20260129_212200,FFTs,Scaled,RF,0.735,0.7346651938046035,0.9375333333333332,0.8368402991904017,1.178258180618286,ffts_scaled_rf_20260129_212200.joblib
20260129_212200,FFTs,Raw,ET,0.73,0.7307591216981948,0.9313333333333332,0.8300580000740475,0.4350621700286865,ffts_raw_et_20260129_212200.joblib
20260129_214850,Fusion_PCA(FFTs+MFCCs+STFT),Individual_PCA,ET,0.725,0.7223837033834037,0.91765,0.814865589682501,0.3413741588592529,fusion_ffts_mfccs_stft_pca_et_20260129_214850.joblib
20260129_214623,Fusion_PCA(FFT+MFCC+STFT),Individual_PCA,ET,0.725,0.7223837033834037,0.91765,0.814865589682501,0.3970448970794678,fusion_pca_et_20260129_214623.joblib
20260129_213827,Fusion_FFTs_STFTs,Raw,ET,0.725,0.7241665018206359,0.94015,0.8531760250750428,0.8823757171630859,fusion_ffts_stfts_raw_et_20260129_213827.joblib
20260129_213827,Fusion_FFTs_STFTs,Scaled,ET,0.725,0.7241665018206359,0.94025,0.8533012394891372,0.7555339336395264,fusion_ffts_stfts_scaled_et_20260129_213827.joblib
20260129_212200,FFTs,Scaled,ET,0.72,0.720943591554087,0.93055,0.8266674287711696,0.5125277042388916,ffts_scaled_et_20260129_212200.joblib
20260129_213401,STFTs,Scaled,KNN,0.71,0.7112743886937436,0.8856999999999999,0.7255710022726825,0.0041751861572265,stfts_scaled_knn_20260129_213401.joblib
20260129_213401,STFTs,Scaled,ET,0.705,0.7059611622668795,0.9150166666666668,0.7883164786504201,0.4732193946838379,stfts_scaled_et_20260129_213401.joblib
20260129_213401,STFTs,Raw,ET,0.705,0.7059611622668795,0.9151166666666666,0.7886416319808277,0.8544738292694092,stfts_raw_et_20260129_213401.joblib
20260129_214623,Fusion_PCA(FFT+MFCC+STFT),Individual_PCA,RF,0.7,0.6980802739197149,0.9179666666666666,0.8093336496909828,0.61081862449646,fusion_pca_rf_20260129_214623.joblib
20260129_214850,Fusion_PCA(FFTs+MFCCs+STFT),Individual_PCA,RF,0.7,0.6980802739197149,0.9179666666666666,0.8093336496909828,0.5104422569274902,fusion_ffts_mfccs_stft_pca_rf_20260129_214850.joblib
20260129_213401,STFTs,Raw,KNN,0.695,0.6944990739924155,0.8971,0.7454248421206918,0.0049488544464111,stfts_raw_knn_20260129_213401.joblib
20260129_212200,FFTs,Scaled,SVM,0.695,0.6935069936321501,0.9324666666666668,0.8334177541339605,20.0978684425354,ffts_scaled_svm_20260129_212200.joblib
20260129_213401,STFTs,Raw,RF,0.69,0.6910354669788632,0.9055166666666666,0.7873321752294733,1.839677810668945,stfts_raw_rf_20260129_213401.joblib
20260129_213401,STFTs,Scaled,RF,0.69,0.6910354669788632,0.9055166666666666,0.7873321752294733,1.132434606552124,stfts_scaled_rf_20260129_213401.joblib
20260129_214220,MFCCs,Raw,KNN,0.69,0.6897334648951274,0.8805499999999999,0.7107243006354146,0.001955509185791,mfccs_raw_knn_20260129_214220.joblib
20260129_214220,MFCCs,Raw,ET,0.685,0.6861422880873682,0.89385,0.7664629366776347,0.2711036205291748,mfccs_raw_et_20260129_214220.joblib
20260129_212631,STFT,Scaled,SVM,0.685,0.685080690100974,0.9119666666666668,0.7975095642465526,8.082324028015137,stft_scaled_svm_20260129_212631.joblib
20260129_214220,MFCCs,Scaled,ET,0.685,0.6861422880873682,0.89385,0.7664629366776347,0.2501060962677002,mfccs_scaled_et_20260129_214220.joblib
20260129_212358,MFCC_Default,Raw,ET,0.67,0.6713325655714797,0.89165,0.7483090416981362,0.2667453289031982,mfcc_default_raw_et_20260129_212358.joblib
20260129_212358,MFCC_Default,Scaled,ET,0.67,0.6713325655714797,0.89165,0.7483090416981362,0.2623059749603271,mfcc_default_scaled_et_20260129_212358.joblib
20260129_212948,Fusion_FFT_STFT,Raw,KNN,0.67,0.6705104067874449,0.8723666666666666,0.6984140868005032,0.0061268806457519,fusion_fft_stft_raw_knn_20260129_212948.joblib
20260129_214220,MFCCs,Scaled,SVM,0.665,0.66850856526351,0.9127666666666666,0.7946667702621069,1.399065017700195,mfccs_scaled_svm_20260129_214220.joblib
20260129_214355,Fusion_FFT_MFCC,Raw,KNN,0.66,0.6595477167376915,0.8518333333333333,0.6477048501587066,0.0045795440673828,fusion_fft_mfcc_raw_knn_20260129_214355.joblib
20260129_215234,Fusion_FFTs_MFCC_STFT,Raw,KNN,0.66,0.6599963973128191,0.8828499999999999,0.7437497952109628,0.0039584636688232,fusion_ffts_mfcc_stft_raw_knn_20260129_215234.joblib
20260129_214220,MFCCs,Raw,RF,0.655,0.6563848188848189,0.8828833333333335,0.7477276434357498,0.2410194873809814,mfccs_raw_rf_20260129_214220.joblib
20260129_214220,MFCCs,Scaled,RF,0.655,0.6563848188848189,0.8828833333333335,0.7477276434357498,0.2045726776123047,mfccs_scaled_rf_20260129_214220.joblib
20260129_212358,MFCC_Default,Raw,RF,0.65,0.6520566915641289,0.8859666666666667,0.7401362199050593,0.1836929321289062,mfcc_default_raw_rf_20260129_212358.joblib
20260129_212358,MFCC_Default,Scaled,RF,0.65,0.6520566915641289,0.8859666666666667,0.7401362199050593,0.1848566532135009,mfcc_default_scaled_rf_20260129_212358.joblib
20260129_213827,Fusion_FFTs_STFTs,Scaled,SVM,0.645,0.6431602236878495,0.9050666666666668,0.7628832065047907,64.3643171787262,fusion_ffts_stfts_scaled_svm_20260129_213827.joblib
20260129_212358,MFCC_Default,Scaled,SVM,0.64,0.6464195867026056,0.8783000000000001,0.744208473324045,1.30670428276062,mfcc_default_scaled_svm_20260129_212358.joblib
20260129_212948,Fusion_FFT_STFT,Scaled,ET,0.635,0.6370557030400236,0.8624833333333333,0.7142729903544978,0.3553423881530761,fusion_fft_stft_scaled_et_20260129_212948.joblib
20260129_212358,MFCC_Default,Raw,KNN,0.63,0.6316546167128286,0.8610833333333332,0.6657450422153602,0.0071203708648681,mfcc_default_raw_knn_20260129_212358.joblib
20260129_214220,MFCCs,Scaled,KNN,0.625,0.6263030411962595,0.8594166666666666,0.67868905293422,0.0011403560638427,mfccs_scaled_knn_20260129_214220.joblib
20260129_212948,Fusion_FFT_STFT,Raw,ET,0.625,0.6262022142375763,0.8613666666666667,0.7132821412043128,0.308873176574707,fusion_fft_stft_raw_et_20260129_212948.joblib
20260129_212358,MFCC_Default,Scaled,KNN,0.625,0.6278967941137827,0.8444,0.6394816120297364,0.003563642501831,mfcc_default_scaled_knn_20260129_212358.joblib
20260129_212948,Fusion_FFT_STFT,Scaled,RF,0.61,0.6106647360813847,0.8584333333333334,0.7043036552273148,1.7496140003204346,fusion_fft_stft_scaled_rf_20260129_212948.joblib
20260129_212948,Fusion_FFT_STFT,Raw,RF,0.61,0.6143099559572531,0.8556833333333332,0.7033717916271173,1.5805249214172363,fusion_fft_stft_raw_rf_20260129_212948.joblib
20260129_213401,STFTs,Scaled,SVM,0.605,0.6001630957660533,0.8629333333333333,0.7043477132200087,16.278096675872803,stfts_scaled_svm_20260129_213401.joblib
20260129_214355,Fusion_FFT_MFCC,Raw,RF,0.6,0.6038113308524226,0.83595,0.6709529808154095,0.6217203140258789,fusion_fft_mfcc_raw_rf_20260129_214355.joblib
20260129_214355,Fusion_FFT_MFCC,Scaled,RF,0.595,0.5982375758111051,0.83625,0.6705584681879048,0.6293380260467529,fusion_fft_mfcc_scaled_rf_20260129_214355.joblib
20260129_214355,Fusion_FFT_MFCC,Raw,ET,0.565,0.5695166438668491,0.8146500000000001,0.6373310376628981,0.3186469078063965,fusion_fft_mfcc_raw_et_20260129_214355.joblib
20260129_212948,Fusion_FFT_STFT,Scaled,KNN,0.56,0.56484281287485,0.78595,0.5688117626893509,0.0030417442321777,fusion_fft_stft_scaled_knn_20260129_212948.joblib
20260129_214355,Fusion_FFT_MFCC,Scaled,ET,0.56,0.5650206546811151,0.8146833333333333,0.637802743021976,0.3199460506439209,fusion_fft_mfcc_scaled_et_20260129_214355.joblib
20260129_212631,STFT,Raw,SVM,0.545,0.5362004121547845,0.8137666666666666,0.6711765397437974,9.119988918304443,stft_raw_svm_20260129_212631.joblib
20260129_214355,Fusion_FFT_MFCC,Scaled,LR,0.535,0.5357620053937499,0.7910666666666667,0.5990432476992684,8.21168303489685,fusion_fft_mfcc_scaled_lr_20260129_214355.joblib
20260129_215234,Fusion_FFTs_MFCC_STFT,Raw,SVM,0.52,0.5101414903534776,0.8060666666666666,0.6260979002350692,47.86037302017212,fusion_ffts_mfcc_stft_raw_svm_20260129_215234.joblib
20260129_214355,Fusion_FFT_MFCC,Scaled,SVM,0.505,0.4967185515972093,0.7274,0.5225245012602536,4.153673410415649,fusion_fft_mfcc_scaled_svm_20260129_214355.joblib
20260129_214355,Fusion_FFT_MFCC,Scaled,KNN,0.505,0.4996105664488017,0.7239833333333334,0.4787458767508017,0.0013575553894042,fusion_fft_mfcc_scaled_knn_20260129_214355.joblib
20260129_211831,FFT_Origin,Scaled,ET,0.435,0.4383329736265628,0.68825,0.4632640268195652,0.4886417388916015,fft_origin_scaled_et_20260129_211831.joblib
20260129_212358,MFCC_Default,Scaled,LR,0.42,0.4156361480075901,0.6878333333333333,0.4813394047994636,0.0167460441589355,mfcc_default_scaled_lr_20260129_212358.joblib
20260129_211831,FFT_Origin,Raw,SVM,0.42,0.4225614439324117,0.7155,0.4620469960092668,10.06389331817627,fft_origin_raw_svm_20260129_211831.joblib
20260129_211831,FFT_Origin,Raw,ET,0.415,0.4180965577250407,0.6829666666666667,0.4530306217056102,0.5081503391265869,fft_origin_raw_et_20260129_211831.joblib
20260129_212358,MFCC_Default,Raw,LR,0.415,0.4218853626450091,0.6756666666666666,0.4569665060324454,0.2202792167663574,mfcc_default_raw_lr_20260129_212358.joblib
20260129_214623,Fusion_PCA(FFT+MFCC+STFT),Individual_PCA,SVM,0.405,0.3631090499642116,0.7136333333333333,0.4772223472088797,5.384249687194824,fusion_pca_svm_20260129_214623.joblib
20260129_214850,Fusion_PCA(FFTs+MFCCs+STFT),Individual_PCA,SVM,0.405,0.3631090499642116,0.7136333333333333,0.4772223472088797,4.189138650894165,fusion_ffts_mfccs_stft_pca_svm_20260129_214850.joblib
20260129_211831,FFT_Origin,Raw,RF,0.395,0.3993481115724822,0.6891499999999999,0.4324701668898201,1.1216940879821775,fft_origin_raw_rf_20260129_211831.joblib
20260129_211831,FFT_Origin,Raw,KNN,0.385,0.3912450031559015,0.6105833333333333,0.3523815743780315,0.0020368099212646,fft_origin_raw_knn_20260129_211831.joblib
20260129_211831,FFT_Origin,Scaled,RF,0.375,0.3841190317430619,0.6869166666666667,0.4327926472182957,1.141975164413452,fft_origin_scaled_rf_20260129_211831.joblib
20260129_214355,Fusion_FFT_MFCC,Raw,LR,0.365,0.3670917191422809,0.6766666666666666,0.4599127478138124,2.2393667697906494,fusion_fft_mfcc_raw_lr_20260129_214355.joblib
20260129_211831,FFT_Origin,Scaled,KNN,0.36,0.3611112739139456,0.6368,0.3955156290018598,0.0019874572753906,fft_origin_scaled_knn_20260129_211831.joblib
20260129_212948,Fusion_FFT_STFT,Scaled,SVM,0.285,0.1757338251114184,0.50365,0.2866711217186573,50.653813123703,fusion_fft_stft_scaled_svm_20260129_212948.joblib
20260129_212358,MFCC_Default,Raw,SVM,0.27,0.1402671014830344,0.5,0.25,1.6580052375793457,mfcc_default_raw_svm_20260129_212358.joblib
20260129_211831,FFT_Origin,Scaled,SVM,0.26,0.1359311740890688,0.5727166666666668,0.3064129456333042,12.337923765182495,fft_origin_scaled_svm_20260129_211831.joblib
20260129_214355,Fusion_FFT_MFCC,Raw,SVM,0.26,0.1208567854909318,0.5,0.25,4.272869825363159,fusion_fft_mfcc_raw_svm_20260129_214355.joblib
20260129_214220,MFCCs,Raw,SVM,0.25,0.1,0.5,0.25,1.8594138622283936,mfccs_raw_svm_20260129_214220.joblib
