Timestamp,Feature,Pipeline,Model,Accuracy,F1_Macro,AUC_OVR,mAP,Train_Time,Model_File
20260129_214220,MFCCs,Raw,KNN,0.69,0.6897334648951274,0.8805499999999999,0.7107243006354146,0.0019555091857910156,mfccs_raw_knn_20260129_214220.joblib
20260129_214220,MFCCs,Raw,SVM,0.25,0.1,0.5,0.25,1.8594138622283936,mfccs_raw_svm_20260129_214220.joblib
20260129_214220,MFCCs,Raw,RF,0.655,0.6563848188848189,0.8828833333333335,0.7477276434357498,0.24101948738098145,mfccs_raw_rf_20260129_214220.joblib
20260129_214220,MFCCs,Raw,ET,0.685,0.6861422880873682,0.89385,0.7664629366776347,0.2711036205291748,mfccs_raw_et_20260129_214220.joblib
20260129_214220,MFCCs,Scaled,KNN,0.625,0.6263030411962595,0.8594166666666666,0.67868905293422,0.0011403560638427734,mfccs_scaled_knn_20260129_214220.joblib
20260129_214220,MFCCs,Scaled,SVM,0.665,0.66850856526351,0.9127666666666666,0.7946667702621069,1.3990650177001953,mfccs_scaled_svm_20260129_214220.joblib
20260129_214220,MFCCs,Scaled,RF,0.655,0.6563848188848189,0.8828833333333335,0.7477276434357498,0.2045726776123047,mfccs_scaled_rf_20260129_214220.joblib
20260129_214220,MFCCs,Scaled,ET,0.685,0.6861422880873682,0.89385,0.7664629366776347,0.2501060962677002,mfccs_scaled_et_20260129_214220.joblib
